name,rankingPosition,priceLevel,category,rating,address,numberOfReviews
Hopetoun Tea Rooms est. 1892,26,$$ - $$$,restaurant,4.5,"421 Bourke St Hopetoun Tea Rooms, Melbourne, Victoria 3000 Australia",2311
Da Guido La Pasta,2,$$ - $$$,restaurant,4.5,"130 Lygon St Carlton, Melbourne, Victoria 3053 Australia",1095
Foglia di Fico,3,$$ - $$$,restaurant,5.0,"585 La Trobe St (Spencer St entrance), Melbourne, Victoria 3000 Australia",202
Pidapipo Gelateria,11,$,restaurant,4.5,"299 Lygon St, Carlton, Melbourne, Victoria 3053 Australia",433
Kazuki's,9,$$$$,restaurant,4.5,"121 Lygon St Carlton, Melbourne, Victoria 3053 Australia",500
Hochi Mama,17,$$ - $$$,restaurant,4.5,"35 Little Bourke St, Melbourne, Victoria 3000 Australia",1469
Sezar,18,$$ - $$$,restaurant,4.5,"6 Melbourne Pl, Melbourne, Victoria 3000 Australia",1024
The French Brasserie,19,$$$$,restaurant,4.5,"2 Malthouse Lane, Melbourne, Victoria 3000 Australia",721
The Railway Club Hotel Steakhouse,24,$$ - $$$,restaurant,4.5,"107 Raglan St Port Melbourne, Melbourne, Victoria 3207 Australia",680
Bistrot d'Orsay,29,$$ - $$$,restaurant,4.5,"184 Collins St, Melbourne, Victoria 3000 Australia",497
Da Guido 365,7,$$ - $$$,restaurant,4.5,"365 Little Collins St, Melbourne, Victoria 3000 Australia",524
Roule Galette Melbourne,8,$,restaurant,4.5,"241 Flinders Lane Shop 1, Melbourne, Victoria 3000 Australia",604
Eau De Vie,15,$$ - $$$,restaurant,4.5,"1 Malthouse Lane, Melbourne, Victoria 3000 Australia",814
Tipo 00,20,$$ - $$$,restaurant,4.5,"361 Little Bourke St, Melbourne, Victoria 3000 Australia",823
Ruyi Modern Chinese,25,$$ - $$$,restaurant,4.5,"16 Liverpool St, Melbourne, Victoria 3000 Australia",377
David's Master Pot (Elizabeth St - CBD),21,$$ - $$$,restaurant,5.0,"462 Elizabeth St, Melbourne, Victoria 3000 Australia",140
Longrain,28,$$ - $$$,restaurant,4.5,"44 Little Bourke St, Melbourne, Victoria 3000 Australia",1172
Straight Outta Saigon,13,$$ - $$$,restaurant,4.5,"138 Russell Street Ground level, Melbourne, Victoria 3000 Australia",337
Patricia Coffee Brewers,27,$,restaurant,4.5,"493-495 Little Bourke St, Melbourne, Victoria 3000 Australia",212
Coda,49,$$$$,restaurant,4.5,"141 Flinders Lane, Melbourne, Victoria 3000 Australia",1150
Bowery to Williamsburg,55,$$ - $$$,restaurant,4.5,"16 Oliver Lane, Melbourne, Victoria 3000 Australia",322
Rare Steakhouse Midtown,51,$$ - $$$,restaurant,4.5,"12 Goldie Pl, Melbourne, Victoria 3000 Australia",344
Seven Seeds,46,$$ - $$$,restaurant,4.5,"114 Berkley Street Carlton, Melbourne, Victoria Australia",381
Bettyâ€™s Burgers & Concrete Co,44,$,restaurant,4.5,"97 Elizabeth St, Melbourne, Victoria 3000 Australia",1215
seamstress,36,$$ - $$$,restaurant,4.5,"113 Lonsdale St, Melbourne, Victoria 3000 Australia",501
Laksa King,61,$,restaurant,4.5,"6-12 Pin Oak Cres Flemington, Melbourne, Victoria 3031 Australia",557
Sud Food and Wine,56,$$ - $$$,restaurant,4.5,"219 King St, Melbourne, Victoria 3000 Australia",230
11 Inch Pizza,4,$,restaurant,4.5,"Shop 7A 353 Little Collins St, Melbourne, Victoria 3000 Australia",324
Operator 25,22,$$ - $$$,restaurant,4.5,"25 Wills St, Melbourne, Victoria 3000 Australia",447
Koko Black Chocolate,38,$$ - $$$,restaurant,4.5,"52 Collins St, Melbourne, Victoria 3000 Australia",558
Auction Rooms,57,$$ - $$$,restaurant,4.5,"103-107 Errol St, Melbourne, Victoria 3051 Australia",432
Tonka,58,$$$$,restaurant,4.5,"20 Duckboard Pl, Melbourne, Victoria 3000 Australia",817
Il Solito Posto,23,$$ - $$$,restaurant,4.5,"113 Collins St via George Parade, Melbourne, Victoria 3000 Australia",989
Geppetto Trattoria,5,$$ - $$$,restaurant,4.5,"78A Wellington Pde, Melbourne, Victoria 3002 Australia",439
Scopri,1,$$ - $$$,restaurant,5.0,"191 Nicholson St Carlton, Melbourne, Victoria 3053 Australia",1049
Railway Hotel,52,$$ - $$$,restaurant,4.5,"280 Ferrars St, Melbourne, Victoria 3205 Australia",267
Afternoon Tea at The Hotel Windsor,41,$$$$,restaurant,4.5,"111 Spring Street The Hotel Windsor, Melbourne, Victoria 3000 Australia",1508
Piccolo Mondo,47,$$ - $$$,restaurant,4.5,"240 Lygon St Carlton, Melbourne, Victoria 3053 Australia",735
1932 Cafe & Restaurant,50,$$ - $$$,restaurant,4.5,"220 Collins St Manchester Unity Building, Melbourne, Victoria 3000 Australia",443
+39 Pizzeria,48,$$ - $$$,restaurant,4.5,"362 Little Bourke St, Melbourne, Victoria 3000 Australia",1232
Red Spice Road,31,$$ - $$$,restaurant,4.5,"141 Queen St, Melbourne, Victoria 3000 Australia",1737
Straits Cafe Melbourne,75,$$ - $$$,restaurant,4.5,"Rendezvous Hotel Melbourne 328 Flinders St, Melbourne, Victoria 3000 Australia",262
Om Nom,83,$$$$,restaurant,4.0,"187 Flinders Lane Adelphi Hotel, Melbourne, Victoria 3000 Australia",545
MoVida Aqui,81,$$ - $$$,restaurant,4.5,"Nab Building, 1 500 Bourke St NAB Building, Melbourne, Victoria 3000 Australia",752
Cicciolina,62,$$ - $$$,restaurant,4.5,"130 Acland St, Melbourne, Victoria 3182 Australia",375
Movida Bar de Tapas,72,$$ - $$$,restaurant,4.5,"1 Hosier Lane, Melbourne, Victoria 3000 Australia",2760
The Sherlock Holmes,64,$$ - $$$,restaurant,4.5,"415 Collins St, Melbourne, Victoria 3000 Australia",344
Rare Steakhouse Downtown,60,$$ - $$$,restaurant,4.5,"42-44 King St, Melbourne, Victoria 3000 Australia",516
Rice Paper Scissors,6,$$ - $$$,restaurant,4.5,"15 Hardware Lane, Melbourne, Victoria 3000 Australia",2701
Ganache Chocolate,87,$$ - $$$,restaurant,4.5,"245 Collins St, Melbourne, Victoria 3000 Australia",260
Flower Drum,42,$$$$,restaurant,4.5,"17 Market Lane, Melbourne, Victoria 3000 Australia",1367
Rare Steakhouse Uptown,40,$$ - $$$,restaurant,4.5,"61 Little Collins St Shop 6, Melbourne, Victoria 3000 Australia",755
Manchester Press,84,$$ - $$$,restaurant,4.5,"8 Rankins Lane, Melbourne, Victoria 3000 Australia",500
Caterina's Cucina E Bar,85,$$ - $$$,restaurant,5.0,"221 Queen St, Melbourne, Victoria 3000 Australia",111
Delhi Streets Indian Street Food,37,$,restaurant,4.5,"22 Katherine Pl, Melbourne, Victoria 3000 Australia",262
Amiconi,71,$$ - $$$,restaurant,4.5,"359 Victoria St Locality is West Melbourne, Melbourne, Victoria 3003 Australia",181
La Luna Bistro,69,$$ - $$$,restaurant,4.5,"320 Rathdowne St Carlton, North, Melbourne, Victoria 3054 Australia",384
pastuso,78,$$ - $$$,restaurant,4.5,"19 Acdc Lane Off Flinders Lane Between Collins St and Exhibition St, Melbourne, Victoria 3000 Australia",857
Brunetti Classico - Carlton,79,$$ - $$$,restaurant,4.5,"380 Lygon St 380 Lygon St, Carlton Vic, Melbourne, Victoria 3053 Australia",3247
Lucy Liu Kitchen and Bar,67,$$ - $$$,restaurant,4.5,"23 Oliver Lane, Melbourne, Victoria 3000 Australia",1195
Max Bar Restaurant,63,$$ - $$$,restaurant,4.0,"54 - 58 Hardware Lane, Melbourne, Victoria 3000 Australia",1405
San Telmo,66,$$ - $$$,restaurant,4.5,"14 Meyers Pl, Melbourne, Victoria 3000 Australia",709
Bamboo House Chinese Restaurant,90,$$ - $$$,restaurant,4.5,"47 Little Bourke St, Melbourne, Victoria 3000 Australia",405
Vue De Monde,33,$$$$,restaurant,4.5,"525 Collins St Rialto Building 55th Floor, Melbourne, Victoria 3000 Australia",2035
Il Bacaro Cucina e Bar,12,$$$$,restaurant,4.5,"68-170 Little Collins St 168-170 Little Collins St, Melbourne, Victoria 3000 Australia",504
Grand Trailer Park Taverna,82,$$ - $$$,restaurant,4.5,"87 Bourke St, Melbourne, Victoria 3000 Australia",296
B'Churrasco Brazilian BBQ,43,$$ - $$$,restaurant,4.5,"61 A'Beckett St, Melbourne, Victoria 3000 Australia",557
The Hardware Societe,35,$$ - $$$,restaurant,4.5,"10 Katherine Pl, Melbourne, Victoria 3000 Australia",1879
Supernormal,53,$$ - $$$,restaurant,4.5,"180 Flinders Lane, Melbourne, Victoria 3000 Australia",1619
Embla,70,$$ - $$$,restaurant,4.5,"122 Russell St, Melbourne, Victoria 3000 Australia",266
Cucinetta,10,$$ - $$$,restaurant,4.5,"U 4 3 Murphy St South Yarra, Melbourne, Victoria 3141 Australia",401
Chocolate Buddha,32,$$ - $$$,restaurant,4.5,"Cnr. Flinders & Swanston Street Federation Square, Melbourne, Victoria 3000 Australia",717
The Grain Store,39,$$ - $$$,restaurant,4.5,"Ground Floor 517 Flinders Lane, Melbourne, Victoria 3000 Australia",1248
Cargo Restaurant,86,$$ - $$$,restaurant,4.5,"Docklands Melbourne, Melbourne, Victoria 3008 Australia",696
Cecconi's Flinders Lane,80,$$$$,restaurant,4.5,"61 Flinders Lane, Melbourne, Victoria 3000 Australia",539
MoVida Next Door,73,$$ - $$$,restaurant,4.5,"164 Flinders St, Melbourne, Victoria 3000 Australia",528
Punch Lane,34,$$ - $$$,restaurant,4.5,"43 Little Bourke St, Melbourne, Victoria 3000 Australia",667
DOC Pizza & Mozzarella Bar,91,$$ - $$$,restaurant,4.5,"295 Drummond St, Melbourne, Victoria 3053 Australia",672
Kenzan Japanese Restaurant,105,$$ - $$$,restaurant,4.5,"56 Flinders Lane At Collins Place, Melbourne, Victoria 3000 Australia",278
Seasons Provedore,102,$$ - $$$,restaurant,4.5,"199 Lygon St, Melbourne, Victoria 3053 Australia",494
1806,110,$$ - $$$,restaurant,4.5,"169 Exhibition St, Melbourne, Victoria 3000 Australia",259
The Meat & Wine Co Southbank,112,$$ - $$$,restaurant,4.0,"3 Freshwater Pl 3 Queensbridge Street, Melbourne, Victoria 3006 Australia",1478
Philippe,103,$$$$,restaurant,4.5,"115 Collins St, Melbourne, Victoria 3000 Australia",261
The Quarter,94,$$ - $$$,restaurant,4.0,"27 Degraves St, Melbourne, Victoria 3000 Australia",745
Cookie,95,$$ - $$$,restaurant,4.0,"U 1 252 Swanston St Level 1, 252 Swanston St, Melbourne, Victoria 3000 Australia",1050
P.J.O'Brien's Irish Pub,92,$$ - $$$,restaurant,4.0,"Southgate Southgate Restaurant & Shopping Precinct, Melbourne, Victoria 3006 Australia",544
The  European,97,$$ - $$$,restaurant,4.0,"161 Spring St, Melbourne, Victoria 3000 Australia",951
Rosco's at Chevron Cafe Bar,118,$$ - $$$,restaurant,4.5,"14/519 St Kilda Rd, Melbourne, Victoria 3004 Australia",262
Hakata Gensuke Ramen,54,$,restaurant,4.5,"168 Russell St, Melbourne, Victoria 3000 Australia",369
Taxi Kitchen,76,$$ - $$$,restaurant,4.5,"Level 1, Federation Square, Flinders Street Transport Hotel, Melbourne, Victoria 3000 Australia",953
Bomba,65,$$ - $$$,restaurant,4.5,"103 Lonsdale St, Melbourne, Victoria 3000 Australia",457
Cumulus Inc.,59,$$ - $$$,restaurant,4.5,"45 Flinders La, Melbourne, Victoria 3000 Australia",2123
Gingerboy,77,$$ - $$$,restaurant,4.5,"27-29 Crossley St, Melbourne, Victoria 3000 Australia",990
Grill Steak Seafood,68,$$ - $$$,restaurant,4.5,"68 - 78 Hardware Lane, Melbourne, Victoria 3000 Australia",1479
Milk the Cow,2,$$ - $$$,restaurant,4.5,"U 1 157 Fitzroy St, St Kilda, Port Phillip, Victoria 3182 Australia",338
Berth,109,$$ - $$$,restaurant,4.0,"45 New Quay Promenade Docklands, Melbourne, Victoria 3008 Australia",568
Carlton Wine Room,142,$$ - $$$,restaurant,4.5,"172-174 Faraday Street Carlton, Melbourne, Victoria Australia",205
Mamasita,135,$$ - $$$,restaurant,4.0,"11 Collins St, Melbourne, Victoria 3000 Australia",1307
The Meatball and Wine Bar,132,$$ - $$$,restaurant,4.0,"135 Flinders Lane, Melbourne, Victoria 3000 Australia",699
A Hereford Beefstouw,139,$$ - $$$,restaurant,4.5,"22 Duckboard Pl, Melbourne, Victoria 3000 Australia",199
Cafe Rosco,130,$$ - $$$,restaurant,4.5,"407D St Kilda Rd, Melbourne, Victoria 3004 Australia",232
BangPop,119,$$ - $$$,restaurant,4.0,"35 South Wharf Promenade Off Dukes Walk, South Wharf, Melbourne, Victoria 3006 Australia",559
Caffe e Cucina,147,$$ - $$$,restaurant,4.0,"581 Chapel St South Yarra, Melbourne, Victoria 3141 Australia",490
Melba Restaurant,125,$$$$,restaurant,4.0,"1 Southgate Ave The Langham, Southbank, Melbourne, Victoria 3006 Australia",1306
Chokolait Hub,106,$$ - $$$,restaurant,4.5,"287 Lonsdale St Shop 342, Level 3, Emporium, Melbourne, Victoria 3000 Australia",410
Waterfront,99,$$$$,restaurant,4.0,"Southgate Avenue Shop 20/3, Melbourne, Victoria 3006 Australia",1525
HQ's On William,122,$$ - $$$,restaurant,4.5,"380 William St Radisson on Flagstaff Gardens, Melbourne, Victoria 3000 Australia",306
Bottega,96,$$$$,restaurant,4.0,"74 Bourke St, Melbourne, Victoria 3000 Australia",405
Shanghai Street,121,$,restaurant,4.0,"342 Little Bourke St, Melbourne, Victoria 3000 Australia",595
Lupino Bistro and Bar,16,$$ - $$$,restaurant,4.5,"41 Little Collins St, Melbourne, Victoria 3000 Australia",416
Mamak,116,$,restaurant,4.0,"366 Lonsdale St, Melbourne, Victoria 3000 Australia",514
Donovans,1,$$$$,restaurant,4.5,"40 Jacka Boulevard, St Kilda, Port Phillip, Victoria 3182 Australia",1022
Brick Lane Melbourne,14,$$ - $$$,restaurant,4.5,"33 Guildford Lane, Melbourne, Victoria 3000 Australia",208
No35,104,$$$$,restaurant,4.0,"35/25 Collins St Level 35, Melbourne, Victoria 3000 Australia",929
La Camera Restaurant Southgate,145,$$ - $$$,restaurant,4.0,"Shop MR2, Mid-level, Southgate Southbank, Melbourne, Victoria 3006 Australia",1148
Brother Baba Budan,30,$,restaurant,4.5,"359 Little Bourke St Cbd, Melbourne, Victoria 3000 Australia",440
Japanese Teppanyaki Inn,107,$$$$,restaurant,4.5,"182 Collins St, Melbourne, Victoria 3000 Australia",219
Rosa's Canteen,138,$$ - $$$,restaurant,4.5,"Cnr Little Bourke & Thomson St Level 1, Melbourne, Victoria 3000 Australia",154
Two Birds One Stone,101,$$ - $$$,restaurant,4.5,"12 Claremont St, Melbourne, Victoria 3141 Australia",366
Red Emperor Chinese Restaurant,165,$$ - $$$,restaurant,4.0,"3 Southgate Ave M10/ Mid Level, Melbourne, Victoria 3006 Australia",534
Squires Loft South Yarra,93,$$ - $$$,restaurant,4.5,"166 Toorak Rd, Melbourne, Victoria 3141 Australia",383
Grossi  Florentino,133,$$$$,restaurant,4.0,"80 Bourke St, Melbourne, Victoria 3000 Australia",1262
Epocha,128,$$$$,restaurant,4.5,"49 Rathdowne St Carlton South, Melbourne, Victoria 3053 Australia",254
Magic Mountain Saloon,148,$$ - $$$,restaurant,4.0,"62 Little Collins St, Melbourne, Victoria 3000 Australia",289
The Bank on Collins,98,$$ - $$$,restaurant,4.0,"394 Collins St, Melbourne, Victoria 3000 Australia",393
Ponyfish Island,115,$$ - $$$,restaurant,4.0,"Underneath Evan Walker Pedestrian Bridge Southbank, Melbourne, Victoria 3006 Australia",479
IL Dolce Freddo,146,$,restaurant,4.5,"116 Lygon Street, Carlton, Melbourne, Victoria 3053 Australia",175
Osteria Ilaria,120,$$ - $$$,restaurant,4.5,"367 Little Bourke St, Melbourne, Victoria 3000 Australia",248
Juicy Bao,123,$,restaurant,4.5,"178-190 Little Bourke St Shop 2, Melbourne, Victoria 3000 Australia",365
Fitzrovia,3,$$ - $$$,restaurant,4.5,"155 Fitzroy St, St Kilda, Port Phillip, Victoria 3182 Australia",732
Trattoria Emilia,141,$$ - $$$,restaurant,4.5,"360 Little Collins St Little Collins Street, Melbourne, Victoria 3000 Australia",261
Maha,45,$$$$,restaurant,4.5,"21 Bond St, Melbourne, Victoria 3000 Australia",1702
Tiamo,144,$$ - $$$,restaurant,4.0,"303 Lygon St Carlton, Melbourne, Victoria 3053 Australia",726
Vivace,1,$$ - $$$,restaurant,4.5,"317 Bay St, Brighton, Bayside, Victoria 3186 Australia",408
Conservatory,108,$$$$,restaurant,4.0,"Crown Entertainment Complex 8 Whiteman St 8 Whiteman St, Southbank, Melbourne, Victoria 3006 Australia",1129
Dukes Coffee Roasters,89,$,restaurant,4.5,"247 Flinders Lane, Melbourne, Victoria 3000 Australia",182
Trunk,129,$$ - $$$,restaurant,4.0,"275 Exhibition St, Melbourne, Victoria 3000 Australia",769
Becco,124,$$$$,restaurant,4.5,"11-25 Crossley St, Melbourne, Victoria 3000 Australia",378
Sally's Kitchen and Winebar,131,$$ - $$$,restaurant,4.5,"115 Little Lonsdale St, Melbourne, Victoria 3000 Australia",232
Higher Ground,134,$$ - $$$,restaurant,4.0,"650 Little Bourke St, Melbourne, Victoria 3000 Australia",713
The Recreation bistro x bottleshop,143,$$ - $$$,restaurant,4.5,"162-170 Queens Parade, Fitzroy North, Melbourne, Victoria 3068 Australia",109
Pellegrini's Espresso Bar,127,$,restaurant,4.0,"66 Bourke St, Melbourne, Victoria 3000 Australia",1067
DoDee Paidang Thai Bar and Cafe,117,$,restaurant,4.5,"353 Little Collins St, Melbourne, Victoria 3000 Australia",185
Ca de Vin,136,$$ - $$$,restaurant,4.0,"350 Bourke St Melbourne GPO, Melbourne, Victoria 3000 Australia",523
Terra Rossa Restaurant & Bar,137,$$ - $$$,restaurant,4.0,"87 Flinders Lane, Melbourne, Victoria 3000 Australia",458
Noir,3,$$$$,restaurant,4.5,"175 Swan St, Richmond, Yarra, Victoria 3121 Australia",234
Bistro Thierry,1,$$$$,restaurant,4.5,"511 Malvern Rd, Toorak, Stonnington, Victoria 3142 Australia",540
Bouzy Rouge,2,$$ - $$$,restaurant,4.5,"470 Bridge Rd, Richmond, Yarra, Victoria 3121 Australia",358
Sake Restaurant & Bar,180,$$ - $$$,restaurant,4.0,"100 St Kilda Rd Hamer Hall, Arts Centre, Melbourne, Victoria 3004 Australia",725
Ginger Olive Restaurant and Grill,164,$$ - $$$,restaurant,5.0,"U 2 38 Manchester Lane Corner Manchester Lane and Flinders Lane, Melbourne, Victoria 3000 Australia",80
Mercadante Woodfired Pizzeria,175,$$ - $$$,restaurant,4.5,"Shop 123, Lygon St Carlton, Melbourne, Victoria 3053 Australia",365
Palermo,166,$$ - $$$,restaurant,4.5,"401 Little Bourke St, Melbourne, Victoria 3000 Australia",143
France Soir,154,$$$$,restaurant,4.0,"11 Toorak Rd South Yarra, Melbourne, Victoria 3141 Australia",654
Blondie Bar,155,$$ - $$$,restaurant,4.0,"Corner Sturt Street & Southbank Boulevard, Southbank Melbourne Recital Centre, Melbourne, Victoria 3006 Australia",258
Ciao Cielo,159,$$ - $$$,restaurant,4.5,"115 Bay St, Melbourne, Victoria 3207 Australia",268
Madame Brussels,114,$$ - $$$,restaurant,4.0,"59-63 Bourke St Level 3, Above Spaghetti Tree Restaurant!, Melbourne, Victoria 3000 Australia",461
Pure South Dining,177,$$$$,restaurant,4.0,"3 Southgate Ave Southbank, Melbourne, Victoria 3006 Australia",927
Nobu Melbourne,178,$$$$,restaurant,4.0,"Crown Entertainment Complex 8 Whiteman St, Melbourne, Victoria 3006 Australia",1462
Stalactites,149,$$ - $$$,restaurant,4.0,"177-183 Lonsdale St, Melbourne, Victoria 3000 Australia",1473
St Ali Coffee Roasters,111,$$ - $$$,restaurant,4.0,"12-18 Yarra Pl, Melbourne, Victoria 3205 Australia",632
Hofbrauhaus,126,$$ - $$$,restaurant,4.0,"18-26 Market Lane In the heart of Chinatown, Melbourne, Victoria 3000 Australia",475
The Lui Bar,113,$$$$,restaurant,4.5,"Rialto L 55 525 Collins St, Melbourne, Victoria 3000 Australia",463
Centonove,1,$$$$,restaurant,4.5,"109 Cotham Rd, Kew, Boroondara, Victoria 3101 Australia",252
Axil Coffee Roasters,150,$$ - $$$,restaurant,4.5,"322 Burwood Rd Hawthorn Not Camberwell, Melbourne, Victoria 3122 Australia",200
Claypots Seafood Bar,4,$$ - $$$,restaurant,4.5,"213 Barkly St, St Kilda, Port Phillip, Victoria 3182 Australia",525
La Cucina Di Sandra,5,$$ - $$$,restaurant,5.0,"62 Lyndhurst St Warehouse 62, Richmond, Yarra, Victoria 3121 Australia",73
Vaporetto Bar & Eatery,2,$$ - $$$,restaurant,4.5,"Rear 681 Glenferrie Rd Enter via Grace St, Hawthorn, Boroondara, Victoria 3122 Australia",261
Box Seafood Restaurant,168,$$$$,restaurant,4.0,"189 Collins St, Melbourne, Victoria 3000 Australia",416
Ombra Salumi Bar,158,$$ - $$$,restaurant,4.5,"76 Bourke St, Melbourne, Victoria 3000 Australia",230
Brunetti Oro Flinders Lane,176,$$ - $$$,restaurant,4.0,"250 Flinders Ln, Melbourne, Victoria 3000 Australia",332
The Kettle Black,140,$$ - $$$,restaurant,4.0,"50 Albert Rd, Melbourne, Victoria 3205 Australia",450
The Vegie Bar,6,$$ - $$$,restaurant,4.0,"380 Brunswick St, Fitzroy, Yarra, Victoria 3065 Australia",936
Fiorelli,1,$$ - $$$,restaurant,4.5,"209 Camberwell Road, Camberwell, Victoria 3124 Australia",213
Galleon Cafe,5,$$ - $$$,restaurant,4.5,"9 Carlisle St, St Kilda, Port Phillip, Victoria 3182 Australia",260
Estelle,1,$$$$,restaurant,4.5,"243 High St, Northcote, Victoria 3070 Australia",395
Top Paddock,4,$$ - $$$,restaurant,4.0,"658 Church Street, Richmond, Yarra, Victoria Australia",692
Jinda Thai,1,$$ - $$$,restaurant,4.5,"3-7 Ferguson St, Abbotsford, Yarra, Victoria 3067 Australia",328
Byblos Bar & Restaurant,191,$$ - $$$,restaurant,4.0,"12 World Trade Centre, Melbourne, Victoria 3005 Australia",314
Eureka 89,190,$$$$,restaurant,4.5,"7 Riverside Quay Level 89, Eureka Tower, Melbourne, Victoria 3006 Australia",264
Hanoi Mee Kitchen & Bar,184,$$ - $$$,restaurant,4.5,"140 Rouse St Port Melbourne, Melbourne, Victoria 3207 Australia",112
The Olive Tree,186,$$ - $$$,restaurant,4.5,"19 Park St, Melbourne, Victoria 3205 Australia",180
Chuckle Park Bar,188,$$ - $$$,restaurant,4.5,"322 Little Collins St, Melbourne, Victoria 3000 Australia",157
Gin Palace,156,$$ - $$$,restaurant,4.5,"10 Russell Pl, Melbourne, Victoria 3000 Australia",274
Mahn Doo,169,$$ - $$$,restaurant,4.5,"365 La Trobe St, Melbourne, Victoria 3000 Australia",119
Banff,8,$,restaurant,4.5,"145 Fitzroy St, St Kilda, Port Phillip, Victoria 3182 Australia",384
Young and Jacksons,167,$$ - $$$,restaurant,4.0,"Cnr Swanston & Flinders Sts, Melbourne, Victoria 3000 Australia",366
Attica,1,$$$$,restaurant,4.5,"74 Glen Eira Rd, Ripponlea, Port Phillip, Victoria 3185 Australia",626
St LuJa,7,$$ - $$$,restaurant,4.5,"9 Fitzroy St, St Kilda, Port Phillip, Victoria 3182 Australia",124
Sister of Soul,9,$$ - $$$,restaurant,4.0,"73 Acland St, St Kilda, Port Phillip, Victoria 3182 Australia",402
Bistro Guillaume,160,$$$$,restaurant,4.0,"Crown Entertainment Complex 8 Whiteman St Riverside at Crown, Southbank, Melbourne, Victoria 3006 Australia",1115
Mezzo,225,$$ - $$$,restaurant,4.0,"35 Little Bourke St, Melbourne, Victoria 3000 Australia",324
Self Preservation,230,$$ - $$$,restaurant,4.0,"70 Bourke St, Melbourne, Victoria 3000 Australia",207
Vertue Coffee Roasters,217,$$ - $$$,restaurant,4.5,"8 Raffa Place, Melbourne, Victoria 3053 Australia",114
Shakahari Vegetarian Restaurant,231,$$ - $$$,restaurant,4.5,"201-203 Faraday St, Melbourne, Victoria 3053 Australia",221
Bacash Restaurant,219,$$$$,restaurant,4.5,"175 Domain Rd, Melbourne, Victoria 3141 Australia",208
Koko Japanese Restaurant,241,$$$$,restaurant,4.0,"Crown Entertainment Complex 8 Whiteman St 8 Whiteman St, Southbank, Melbourne, Victoria 3006 Australia",323
La Belle Miette,239,$$ - $$$,restaurant,4.5,"8 Collins St, Melbourne, Victoria 3000 Australia",121
Cafe Excello,193,$$ - $$$,restaurant,4.0,"99 Spring St, Melbourne, Victoria 3000 Australia",220
Lee Ho Fook,202,$$ - $$$,restaurant,4.5,"11-15 Duckboard Pl, Melbourne, Victoria 3000 Australia",200
Scugnizzo,199,$$ - $$$,restaurant,4.5,"558 Little Bourke St Entrance via Merritts place, Melbourne, Victoria 3000 Australia",180
The Breslin Bar & Grill,179,$$ - $$$,restaurant,4.0,"2 Southbank Bvd, Melbourne, Victoria 3006 Australia",650
Tazio,201,$$ - $$$,restaurant,4.0,"91 Flinders Lane, Melbourne, Victoria 3000 Australia",291
Rice Paper,192,$,restaurant,4.0,"245 Swanston St, Melbourne, Victoria 3000 Australia",287
Papa Gino's Pizza Restaurant,209,$$ - $$$,restaurant,4.0,"Lygon Street Carlton, Melbourne, Victoria 3053 Australia",465
Encore Bar and Restaurant,210,$$ - $$$,restaurant,4.5,"131 Lonsdale St, Melbourne, Victoria 3000 Australia",135
The Jazz Corner Cafe,203,$$ - $$$,restaurant,4.0,"350 William St located within The Jazz Corner Hotel - lobby cafe and mezzanine restaurant, Melbourne, Victoria 3000 Australia",305
Hutong Dumpling Bar,153,$$ - $$$,restaurant,4.0,"14-16 Market Lane, Melbourne, Victoria 3000 Australia",766
Giro d'Italia,74,$$ - $$$,restaurant,5.0,"401 Saint Kida Road, Melbourne, Victoria 3000 Australia",84
Il Duca,157,$$ - $$$,restaurant,4.5,"132 Wellington Pde, Melbourne, Victoria 3002 Australia",242
Merchant,182,$$ - $$$,restaurant,4.0,"495 Collins St, Melbourne, Victoria 3000 Australia",331
Richmond Oyster,6,$$ - $$$,restaurant,4.5,"437 Church St, Richmond, Yarra, Victoria 3121 Australia",326
Marion Wine Bar,8,$$ - $$$,restaurant,4.5,"53 Gertrude St, Fitzroy, Yarra, Victoria 3065 Australia",145
Mitre Tavern Steakhouse & Grill,151,$$ - $$$,restaurant,4.0,"5 Bank Pl Level 1, Melbourne, Victoria 3000 Australia",424
Naked for Satan,5,$$ - $$$,restaurant,4.5,"285 Brunswick St, Fitzroy, Yarra, Victoria 3065 Australia",1244
Chez Dre Cafe,229,$$ - $$$,restaurant,4.0,"Rear of 285/287 Coventry St Access Via Alleyway, Melbourne, Victoria 3205 Australia",386
Pier Port Melbourne,220,$$ - $$$,restaurant,4.5,"1 Bay St, Melbourne, Victoria 3207 Australia",189
Little Ramen Bar,236,$,restaurant,4.0,"369 Little Collins St, Melbourne, Victoria 3000 Australia",173
Red Pepper Indian Restaurant,254,$$ - $$$,restaurant,4.0,"14 Bourke St, Melbourne, Victoria 3000 Australia",408
Pacinos Italian Family Restaurant,1,$$ - $$$,restaurant,4.5,"300 Epsom Rd 300-320 Epsom Road, Ascot Vale, Moonee Valley, Victoria 3031 Australia",240
Angus & Bon,1,$$ - $$$,restaurant,4.5,"168 Greville Street, Prahran, Stonnington, Victoria 3181 Australia",168
Miyako Japanese Cuisine & Teppanyaki,250,$$ - $$$,restaurant,4.0,"3 Southgate Ave Upper Level, Shop UR2, Southgate Arts & Leisure Precinct, Melbourne, Victoria 3006 Australia",323
Nirankar Restaurant,248,$$ - $$$,restaurant,4.5,"174-176 Queen St, Melbourne, Victoria 3000 Australia",189
BearBrass,252,$$ - $$$,restaurant,4.0,"Shop GR3A 3 Southgate Ave Southbank VIC, Melbourne, Victoria 3006 Australia",625
3 Brothersss Indian Restaurant,228,$$ - $$$,restaurant,5.0,"513 Elizabeth St Queen Victoria Market, Melbourne, Victoria 3000 Australia",41
Cherry & Twigs,233,$,restaurant,4.5,"Shop 1B 555 Flinders Lane, Melbourne, Victoria 3000 Australia",135
Shujinko,261,$,restaurant,4.0,"225 Russell St, Melbourne, Victoria 3000 Australia",142
Aagaman Indian Nepalese Restaurant,262,$$ - $$$,restaurant,4.5,"271 Bay St, Melbourne, Victoria 3207 Australia",132
Kisume,234,$$$$,restaurant,4.0,"175 Flinders Lane, Melbourne, Victoria 3000 Australia",399
Cafe Andiamo,226,$$ - $$$,restaurant,4.0,"36-38 Degraves Lane, Melbourne, Victoria 3000 Australia",553
Simply Spanish QVM,215,$$ - $$$,restaurant,4.5,"513 Elizabeth St, Melbourne, Victoria 3000 Australia",210
The Deck Restaurant,216,$$ - $$$,restaurant,4.0,"Upper Level Southgate Southgate Centre, Southgate Arts & Leisure Complex/3, Melbourne, Victoria 3006 Australia",284
Bangkok Jam,205,$$ - $$$,restaurant,4.5,"107 Little Bourke St, Melbourne, Victoria 3000 Australia",100
Teatro,206,$$ - $$$,restaurant,4.0,"Southbank Promenade Tenancy A Hamer Hall, Melbourne, Victoria 3006 Australia",510
Meatmaiden,204,$$ - $$$,restaurant,4.0,"195 Little Collins St Basement, Melbourne, Victoria 3000 Australia",344
Betty's Burgers,185,$$ - $$$,restaurant,4.5,"222 Exhibition St, Melbourne, Victoria 3000 Australia",86
China Red,181,$$ - $$$,restaurant,4.0,"Shop 6 206 Bourke St, Melbourne, Victoria 3000 Australia",353
SPQR Pizzeria,197,$$ - $$$,restaurant,4.5,"26 Liverpool Street, Melbourne 3000, Melbourne, Victoria 3000 Australia",194
The Atlantic Restaurant,207,$$$$,restaurant,4.0,"Crown Entertainment Complex 8 Whiteman St Crown Entertainment Complex, Melbourne, Victoria 3006 Australia",1570
Rockpool Bar & Grill,189,$$$$,restaurant,4.0,"Crown Complex Southbank, Melbourne, Victoria 3006 Australia",1961
Rubiras,174,$$ - $$$,restaurant,4.5,"192 Station St Swallows Hotel, Melbourne, Victoria 3207 Australia",218
Metro Burger,100,$,restaurant,4.5,"12 Degraves St, Melbourne, Victoria 3000 Australia",146
Dunyazad,235,$$ - $$$,restaurant,4.5,"329 Doncaster Rd, Balwyn North, Boorandara, Melbourne, Victoria VIC 3104 Australia",171
Bar Lourinha,172,$$ - $$$,restaurant,4.5,"37 Little Collins St, Melbourne, Victoria 3000 Australia",284
Chin Chin,162,$$ - $$$,restaurant,4.5,"125 Flinders Lane, Melbourne, Victoria 3000 Australia",6029
Izakaya Den,173,$$ - $$$,restaurant,4.5,"Basement 118 Russell St, Melbourne, Victoria 3000 Australia",258
Matteo's,1,$$$$,restaurant,4.5,"533 Brunswick St Melbourne, North Fitzroy, Yarra, Victoria 3068 Australia",378
Humble Rays,267,$$ - $$$,restaurant,4.5,"71 Bouverie St Carlton, Melbourne, Victoria 3053 Australia",88
Smith and Daughters,9,$$ - $$$,restaurant,4.5,"175 Brunswick St, Fitzroy, Yarra, Victoria 3065 Australia",388
Hophaus Bar,251,$$ - $$$,restaurant,4.0,"Southgate Ave Shop MR5, Mid-Level, Southbank Promenade, Melbourne, Victoria 3006 Australia",471
Hunky Dory,240,$,restaurant,4.5,"670 Chapel Street Shop 17, Melbourne, Victoria 3205 Australia",245
Waiters Restaurant - Italian Waiters Club,183,$$ - $$$,restaurant,4.0,"20 Meyers Pl, Melbourne, Victoria 3000 Australia",282
Gopal's Vegetarian,242,$,restaurant,4.5,"139 Swanston St, Melbourne, Victoria 3000 Australia",170
Sushi Hub Swanston,196,$,restaurant,4.5,"55 Swanston St, Melbourne, Victoria 3000 Australia",191
Spaghetti Tree,171,$$ - $$$,restaurant,4.0,"59 Bourke St, Melbourne, Victoria 3000 Australia",786
Arbory Bar & Eatery,194,$$ - $$$,restaurant,4.0,"Flinders Walk, Melbourne, Victoria 3000 Australia",827
La Spaghettata,163,$$ - $$$,restaurant,4.0,"238 Lygon St, Melbourne, Victoria 3053 Australia",536
Triim Food & Drink,259,$$ - $$$,restaurant,4.0,"33 Hardware Lane, Melbourne, Victoria 3000 Australia",224
Gourmet Curry Hut,247,$$ - $$$,restaurant,4.5,"318 Hub Arcade Little Collins Street, Melbourne, Victoria 3000 Australia",175
Little Billy,258,$$ - $$$,restaurant,4.0,"Shop W2 195 William St, Melbourne, Victoria 3000 Australia",162
Thirty Eight Chairs,23,$$ - $$$,restaurant,4.5,"4A Bond St, Yarra, Victoria 3141 Australia",283
The Fitz Cafe & Rooftop,11,$$ - $$$,restaurant,4.5,"347 Brunswick St, Fitzroy, Yarra, Victoria 3065 Australia",257
Restaurant 1903,245,$$ - $$$,restaurant,4.5,"44 Spencer St Very Close to Southern Cross Railway Station, Melbourne, Victoria 3000 Australia",155
Universal Restaurant,257,$$ - $$$,restaurant,4.0,"141 Lygon Street Carlton, Melbourne, Victoria 3053 Australia",363
Pho Bo Ga Mekong,269,$,restaurant,4.0,"241 Swanston St, Melbourne, Victoria 3000 Australia",448
Gradi Crown,246,$$ - $$$,restaurant,4.0,"Crown Entertainment Complex 8 Whiteman St Shop 25, Melbourne, Victoria 3006 Australia",1093
Pinchy's,198,$$ - $$$,restaurant,4.5,"Level 1, 200 Bourke St Midcity Arcade, Melbourne, Victoria 3000 Australia",146
Agathe Patisserie,213,$,restaurant,4.5,"64/362 Coventry Street South Melbourne Market Stall, Melbourne, Victoria 3205 Australia",73
Claypots Barbarossa,237,$$ - $$$,restaurant,4.5,"79 Hardware Lane Melbourne CBD, Melbourne, Victoria 3000 Australia",190
Seedling Cafe,238,$$ - $$$,restaurant,4.5,"349 Little Collins St, Melbourne, Victoria 3000 Australia",75
Vespa Rossa,244,$$ - $$$,restaurant,4.5,"30 Block Pl, Melbourne, Victoria 3000 Australia",122
Ides,170,$$$$,restaurant,4.5,"92 Smith St, Melbourne, Victoria 3066 Australia",129
Uncle Collins Street,291,$$ - $$$,restaurant,4.5,"15 Collins St Level 1, Melbourne, Victoria 3000 Australia",81
Mr. Hive,289,$$ - $$$,restaurant,4.0,"Level 1, Crown Metropol 8 Whiteman Street, Melbourne, Victoria Australia",456
Sosta Ristorante,283,$$ - $$$,restaurant,4.5,"12 Errol Street, Melbourne, Victoria 3051 Australia",183
Gordon's Cafe & Bar,292,$$ - $$$,restaurant,4.0,"306 Little Collins St Shop 4, Melbourne, Victoria 3000 Australia",147
Isan Soul Thai Street Food,265,$$ - $$$,restaurant,4.5,"98 Bourke St, Melbourne, Victoria 3000 Australia",89
Oriental Spoon,295,$$ - $$$,restaurant,4.0,"254 La Trobe St, Melbourne, Victoria 3000 Australia",217
Oak & Vine,276,$$ - $$$,restaurant,4.5,"60 Market St, Melbourne, Victoria 3000 Australia",108
The Bond Store,280,$$ - $$$,restaurant,4.5,"1 Riverside Qy, Melbourne, Victoria 3006 Australia",154
Transformer Fitzroy,12,$$ - $$$,restaurant,4.5,"99 Rose Street, Fitzroy, Yarra, Victoria 3065 Australia",285
Windows Restaurant,272,$$ - $$$,restaurant,4.0,"65 Queens Rd, Melbourne, Victoria 3004 Australia",208
Code Black,3,$$ - $$$,restaurant,4.5,"15-17 Weston St, Brunswick, Moreland, Victoria 3056 Australia",187
Grill'd Degraves St,263,$,restaurant,4.0,"15 Degraves St, Melbourne, Victoria 3000 Australia",219
Bistro Gitan,2,$$ - $$$,restaurant,4.5,"52 Toorak Rd West, South Yarra, Victoria 3141 Australia",268
Topolino's,12,$$ - $$$,restaurant,4.0,"87 Fitzroy St, St Kilda, Port Phillip, Victoria 3182 Australia",386
Kirks Wine Bar,243,$$ - $$$,restaurant,4.0,"Cnr Hardware Lane and Little Bourke, Melbourne, Victoria 3000 Australia",217
Saporito Taquito,264,$$ - $$$,restaurant,4.5,"163 Inkerman St Unit 211, Melbourne, Victoria 3182 Australia",96
Esca Grill,1,$$$$,restaurant,4.5,"650 Mt Alexander Rd, Moonee Ponds, Moonee Valley, Victoria 3039 Australia",345
ShanDong MaMa,271,$,restaurant,4.0,"200 Bourke St Mid City Centre, Shop 7, Melbourne, Victoria 3000 Australia",220
Simply Spanish,222,$$ - $$$,restaurant,4.0,"116 Cecil St, Melbourne, Victoria 3205 Australia",251
Milk the Cow,161,$$ - $$$,restaurant,4.5,"323 Lygon St, Melbourne, Victoria 3053 Australia",152
Bluetrain,268,$$ - $$$,restaurant,3.5,"Southgate Complex, Upper Level, Melbourne, Victoria 3006 Australia",667
Peko Peko,223,$,restaurant,4.5,"190 Wells St, Melbourne, Victoria 3205 Australia",208
Republica,11,$$ - $$$,restaurant,4.0,"10-18 Jacka Boulevard St. Kilda Sea Baths, St Kilda, Port Phillip, Victoria 3182 Australia",492
Tsindos-The Greeks Restaurant,88,$$ - $$$,restaurant,4.0,"197 Lonsdale St, Melbourne, Victoria 3000 Australia",718
Tulum Restaurant,281,$$ - $$$,restaurant,4.0,"217 Carlisle Street, Balaclava Near the Balaclava train station, Melbourne, Victoria 2575 Australia",167
Melbourne Hwaro Korean Barbecue,285,$$ - $$$,restaurant,4.0,"Level Ground 562 Little Bourke St, Melbourne, Victoria 3000 Australia",141
Journeyman,3,$$ - $$$,restaurant,4.5,"169 Chapel St, Windsor, Stonnington, Victoria 3181 Australia",203
Square & Compass,290,$$ - $$$,restaurant,4.5,"222 Clarendon Street, Melbourne, Victoria Australia",113
Amaru Melbourne Restaurant,1,$$$$,restaurant,4.5,"Shop 5 1121 High St, Armadale, Stonnington, Victoria 3143 Australia",118
Don Don Japanese,274,$,restaurant,4.0,"198 Little Lonsdale St, Melbourne, Victoria 3000 Australia",241
Beer DeLuxe,277,$$ - $$$,restaurant,4.0,"Federation Square Corner Swanston and Flinders Streets, Melbourne, Victoria 3000 Australia",304
Grill'd QV,309,$$ - $$$,restaurant,4.0,"Level 2, Queen Victoria Square, Melbourne, Victoria 3000 Australia",235
Rumi Brunswick,1,$$ - $$$,restaurant,4.5,"116 Lygon St, Brunswick East, Moreland, Victoria 3057 Australia",265
Abbey Road Cafe,10,$$ - $$$,restaurant,4.0,"129-131 Acland St, St Kilda, Port Phillip, Victoria 3182 Australia",805
Spicy Korea,296,$,restaurant,4.5,"U 1 601 Little Collins St, Melbourne, Victoria 3000 Australia",72
The Meat & Wine Co Hawthorn East,3,$$ - $$$,restaurant,4.0,"482 Riversdale Rd, Hawthorn, Boroondara, Victoria 3123 Australia",417
Nine Elephants,279,$$ - $$$,restaurant,4.5,"67 Village St Docklands, Melbourne, Victoria 3008 Australia",145
Little Black Pig & Sons,1,$$ - $$$,restaurant,4.5,"48 Burgundy St, Heidelberg, Banyule, Victoria 3084 Australia",196
GRK Greek Kitchen & Bar,1,$$ - $$$,restaurant,4.5,"845/847 High St, Thornbury, Darebin, Victoria 3071 Australia",115
The Boatbuilders Yard,211,$$ - $$$,restaurant,4.0,"23 South Wharf Prom, Melbourne, Victoria 3006 Australia",680
La Petite Creperie,294,$,restaurant,4.5,"125 Swanston St Opposite Melbourne Town Hall, Melbourne, Victoria Australia",155
Lord Cardigan,278,$$ - $$$,restaurant,4.5,"59 Cardigan Pl, Melbourne, Victoria 3206 Australia",114
400 Gradi,1,$$ - $$$,restaurant,4.0,"99 Lygon St, Brunswick West, Moreland, Victoria 3057 Australia",773
Belgian Beer Cafe,300,$$ - $$$,restaurant,4.0,"5 Riverside Qy Southbank, Melbourne, Victoria 3006 Australia",256
Indian Palace Restaurant,4,$$ - $$$,restaurant,4.5,"131 Church St, Brighton, Bayside, Victoria 3186 Australia",153
Anada,17,$$ - $$$,restaurant,4.5,"197 Gertrude St, Fitzroy, Yarra, Victoria 3065 Australia",219
Ish Restaurant,15,$$ - $$$,restaurant,5.0,"199 Gertrude St, Fitzroy, Yarra, Victoria 3065 Australia",62
L'Hotel Gitan,2,$$ - $$$,restaurant,4.0,"32 Commercial Rd, Prahran, Stonnington, Victoria 3181 Australia",256
Hawker Hall,4,$$ - $$$,restaurant,4.0,"98 Chapel St, Windsor, Stonnington, Victoria 3181 Australia",506
Crossways Restaurant,297,$,restaurant,4.5,"309-325 Bourke St, Melbourne, Victoria 3000 Australia",104
Le Petite Bourke,275,$$ - $$$,restaurant,4.5,"24 Little Bourke St, Melbourne, Victoria 3000 Australia",130
Royal Stacks,256,$,restaurant,4.0,"470 Collins St, Melbourne, Victoria 3000 Australia",169
Donnini's Restaurant,152,$$ - $$$,restaurant,4.5,"320 Lygon St Carlton, Melbourne, Victoria 3053 Australia",297
City Wine Shop,212,$$ - $$$,restaurant,4.5,"159 Spring St, Melbourne, Victoria 3000 Australia",255
Rock Paper Scissors,260,$$ - $$$,restaurant,4.5,"136-138 Rouse St, Melbourne, Victoria 3207 Australia",76
Ricardo's Trattoria,1,$$ - $$$,restaurant,4.5,"99 Dundas Pl, Albert Park, Port Phillip, Victoria 3206 Australia",176
Lune Croissanterie,221,$,restaurant,4.5,"161 Collins St Shop 16, Enter via Russell Street, Melbourne, Victoria 3000 Australia",156
Maccaroni Trattoria Italiana,286,$$ - $$$,restaurant,4.0,"10-16 Manchester Lane, Melbourne, Victoria 3000 Australia",408
Mjolner,195,$$$$,restaurant,4.5,"106 Hardware St, Melbourne, Victoria 3000 Australia",136
Ten Square Cafe,214,$$ - $$$,restaurant,5.0,"120 Hardware St, Melbourne, Victoria 3000 Australia",64
Koko Black,312,$$ - $$$,restaurant,4.5,"167 Lygon St, Melbourne, Victoria 3053 Australia",187
University Cafe,319,$$ - $$$,restaurant,4.0,"257 Lygon St Carlton, Melbourne, Victoria 3053 Australia",269
Asado,301,$$$$,restaurant,4.0,"6 Riverside Quay, Melbourne, Victoria 3006 Australia",211
Le Petit Gateau,315,$$ - $$$,restaurant,4.5,"458 Little Collins St, Melbourne, Victoria 3000 Australia",76
The Lady Of St Kilda,17,$$ - $$$,restaurant,4.5,"204 Barkly St Corner Smith Street, St Kilda, Port Phillip, Victoria 3182 Australia",53
Paris Go Bistro,307,$$ - $$$,restaurant,4.0,"116 Rathdowne St, Melbourne, Victoria 3053 Australia",169
ShanDong MaMa mini,302,$,restaurant,4.5,"5 Centre Pl, Melbourne, Victoria 3000 Australia",63
Tokyo Tina,6,$$ - $$$,restaurant,4.5,"66A Chapel St, Windsor, Stonnington, Victoria 3181 Australia",202
Il Gambero,303,$$ - $$$,restaurant,4.0,"166 Lygon St Carlton, Melbourne, Victoria 3053 Australia",322
Viet Kitchen,1,$,restaurant,4.5,"110 Hopkins St, Footscray, Maribyrnong, Victoria 3011 Australia",130
Radio Mexico Taqueria & Bar,15,$$ - $$$,restaurant,4.0,"11-13 Carlisle St, St Kilda, Port Phillip, Victoria 3182 Australia",288
Mister Bianco,3,$$ - $$$,restaurant,4.0,"285 High St, Kew, Boroondara, Victoria 3101 Australia",214
Kekou,7,$$ - $$$,restaurant,5.0,"396 Bridge Road, Richmond, Yarra, Victoria 3121 Australia",64
The Abyssinian,187,$$ - $$$,restaurant,4.5,"277 Racecourse Rd, Melbourne, Victoria 3031 Australia",113
Blue Chillies,16,$$ - $$$,restaurant,4.5,"182 Brunswick St, Fitzroy, Yarra, Victoria 3065 Australia",145
Caffe e Torta,232,$$ - $$$,restaurant,4.0,"314 Little Collins St, Melbourne, Victoria 3000 Australia",289
Gimlet At Cavendish House,208,$$$$,restaurant,4.5,"33 Russell St, Melbourne, Victoria 3000 Australia",104
Pascale Bar & Grill,284,$$$$,restaurant,4.5,"133 Russell St Level 1, Melbourne, Victoria 3000 Australia",161
Spice Temple,200,$$$$,restaurant,4.0,"Crown Entertainment Complex 8 Whiteman St Crown Complex, Southbank, Melbourne, Victoria 3006 Australia",1311
Ludlow Bar & Dining Room,322,$$ - $$$,restaurant,3.5,"6 Riverside Qy, Melbourne, Victoria 3006 Australia",702
Sunda,253,$$ - $$$,restaurant,4.5,"18 Punch lane, Melbourne, Victoria 3000 Australia",111
The General Assembly,273,$$ - $$$,restaurant,4.0,"29 South Wharf Prom, Melbourne, Victoria 3006 Australia",269
Shoya,310,$$$$,restaurant,4.0,"25 Market Lane, Melbourne, Victoria 3000 Australia",216
Pilgrim Bar,325,$$ - $$$,restaurant,4.0,"Vaults 15-19 Federation Wharf Federation Square, Melbourne, Victoria 3000 Australia",175
White Mojo Speciality Coffee & Roaster,318,$$ - $$$,restaurant,4.0,"115 Hardware St, Melbourne, Victoria 3000 Australia",203
Dip In Cafe,314,$$ - $$$,restaurant,4.5,"20-22 McKillop St, Melbourne, Victoria 3000 Australia",100
Laurent Bakery,311,$$ - $$$,restaurant,4.0,"306 Little Collins St, Melbourne, Victoria 3000 Australia",352
One Eleven,313,$$$$,restaurant,4.0,"111 Spring Street The Hotel Windsor, Melbourne, Victoria 3000 Australia",175
Mister and Miss Cafe,1,$$ - $$$,restaurant,4.0,"Mont Albert Victoria 711-713 Whitehorse Rd, Mont Albert, Whitehorse, Victoria 3127 Australia",199
Steer Dining Room,298,$$ - $$$,restaurant,4.5,"15 Claremont St, Melbourne, Victoria 3141 Australia",76
Cafe Segovia,308,$$ - $$$,restaurant,4.0,"33 Block Place, Melbourne, Victoria 3000 Australia",297
Hopscotch,288,$$ - $$$,restaurant,3.5,"Ground Floor, 4 Riverside Quay Southbank, Melbourne, Victoria 3006 Australia",589
Walkers Doughnuts,324,$,restaurant,4.5,"26/2 Elizabeth St, Melbourne, Victoria 3000 Australia",127
Saint Crispin,4,$$$$,restaurant,4.0,"300 Smith St, Collingwood, Yarra, Victoria 3066 Australia",332
Nevsky Russian Restaurant,1,$$ - $$$,restaurant,4.5,"476 Glen Huntly Rd, Elsternwick, Glen Eira, Victoria 3185 Australia",160
Marios Cafe,19,$$ - $$$,restaurant,4.0,"303 Brunswick St, Fitzroy, Yarra, Victoria 3065 Australia",225
Tim Ho Wan,323,$$ - $$$,restaurant,4.0,"206 Bourke St, Melbourne, Victoria 3000 Australia",361
Rosetta,224,$$$$,restaurant,4.0,"Crown Entertainment Complex 8 Whiteman St Crown Complex, Melbourne, Victoria 3006 Australia",996
Chez Olivier,1,$$ - $$$,restaurant,4.5,"268 Toorak Rd, South Yarra, Victoria 3141 Australia",356
Le Bon Ton,3,$$ - $$$,restaurant,4.0,"51 Gipps St, Collingwood, Yarra, Victoria 3066 Australia",306
Boosa,2,$$ - $$$,restaurant,4.5,"716 Centre Rd, Bentleigh, Glen Eira, Victoria 3165 Australia",97
Da Noi,270,$$$$,restaurant,4.0,"95 Toorak Rd South Yarra, Melbourne, Victoria 3141 Australia",274
Bibelot,293,$$ - $$$,restaurant,4.5,"285-287 Coventry St, Melbourne, Victoria 3205 Australia",80
White Rabbit,3,$$ - $$$,restaurant,4.0,"118 Church St, Brighton, Bayside, Victoria 3186 Australia",246
Oriental Tea House,255,$$ - $$$,restaurant,4.0,"378 Little Collins St, Melbourne, Victoria 3000 Australia",221
Lindt Chocolate Cafe Southgate Melbourne,282,$$ - $$$,restaurant,4.0,"Shop G09, 3 Southgate Avenue Southgate Retail Precinct, Melbourne, Victoria 3006 Australia",208
Fonda Mexican,349,$$ - $$$,restaurant,4.0,"31 Flinders Lane, Melbourne, Victoria 3000 Australia",312
Corner & Bench,346,$,restaurant,4.5,"408 Bourke St, Melbourne, Victoria 3000 Australia",86
Fifteen Pounds Cafe,1,$$ - $$$,restaurant,4.5,"21 Railway Place, Fairfield, Yarra, Victoria 3078 Australia",84
Saporito Cafe Bar & Grill,352,$$ - $$$,restaurant,4.5,"12-16 Kavanagh St, Melbourne, Victoria 3006 Australia",71
Pope Joan,354,$$ - $$$,restaurant,4.0,"45 Collins St, Melbourne, Victoria 3000 Australia",170
The Hof Downtown,383,$$ - $$$,restaurant,4.0,"737 Bourke St Corner of Bourke and Village Street, Melbourne, Victoria 3008 Australia",160
Black Pearl Bar,338,$$ - $$$,restaurant,4.5,"304 Brunswick Street, Melbourne, Victoria Fitzroy Australia",68
Hurricane Handsome,341,$$ - $$$,restaurant,4.5,"329-331 Bay St, Melbourne, Victoria 3207 Australia",89
Yeonga Korean BBQ,344,$$ - $$$,restaurant,4.5,"1-3 Cobden St, Melbourne, Victoria 3051 Australia",76
The Crux & Co,331,$$ - $$$,restaurant,4.5,"35 Albert Rd G01, Melbourne, Victoria 3004 Australia",100
Phancy Cafe,340,$$ - $$$,restaurant,4.5,"408 Queen St, Melbourne, Victoria 3000 Australia",93
The Irish Times Pub,353,$$ - $$$,restaurant,4.0,"427 Little Collins St, Melbourne, Victoria 3000 Australia",270
Ecco,335,$$ - $$$,restaurant,4.0,"97 Toorak Rd, Melbourne, Victoria 3141 Australia",157
George Street Cafe,332,$$ - $$$,restaurant,4.5,"65 George St, Melbourne, Victoria 3002 Australia",66
Collins Kitchen,357,$$$$,restaurant,4.0,"123 Collins St, Melbourne, Victoria 3000 Australia",273
Lemnos Tavern,4,$$ - $$$,restaurant,4.5,"445 High St, Prahran, Stonnington, Victoria 3181 Australia",113
Moroccan Soup Bar,2,$,restaurant,4.5,"183 St Georges Rd, North Fitzroy, Yarra, Victoria 3068 Australia",218
Station Hotel,3,$$ - $$$,restaurant,4.0,"59 Napier St, Footscray, Maribyrnong, Victoria 3011 Australia",352
"Borsch, Vodka & Tears",5,$$ - $$$,restaurant,4.0,"173 Chapel St, Windsor, Stonnington, Victoria 3181 Australia",236
Munich Brauhaus,304,$$ - $$$,restaurant,3.5,"45 South Wharf Promenade, Melbourne, Victoria Australia",1034
Carosello,2,$$ - $$$,restaurant,4.5,"22 Margaret St, Moonee Ponds, Moonee Valley, Victoria 3039 Australia",88
Lamaro's Hotel,328,$$ - $$$,restaurant,4.0,"273 Cecil St, Melbourne, Victoria 3205 Australia",194
Postmaster Hotel,2,$$ - $$$,restaurant,4.0,"186 High St, Kew, Boroondara, Victoria 3101 Australia",185
La Roche,13,$$ - $$$,restaurant,4.5,"185 Acland St, St Kilda, Port Phillip, Victoria 3182 Australia",325
Mr Huang Jin,227,$$ - $$$,restaurant,4.5,"24 Katherine Pl Plaza Level, Rialto Towers, Melbourne, Victoria 3000 Australia",96
Andrew's Hamburgers,249,$,restaurant,4.5,"144 Bridport St, Melbourne, Victoria 3206 Australia",169
Rococo,6,$$ - $$$,restaurant,4.0,"87-91 Acland St St.Kilda, St Kilda, Port Phillip, Victoria 3182 Australia",973
Flora Indian Restaurant,385,$,restaurant,4.0,"238A Flinders St, Melbourne, Victoria 3000 Australia",235
Kiwi Fish & Chips,382,$$ - $$$,restaurant,4.5,"412-422 Victoria Pde Shop 9B, Melbourne, Victoria 3002 Australia",89
Mesh - Crown Promenade,378,$$ - $$$,restaurant,4.0,"8 Whiteman Street, Southbank 8 Whiteman St, Southbank, Melbourne, Victoria 3006 Australia",432
Claypots Evening Star,372,$$ - $$$,restaurant,4.5,"Corner Cecil and York Streets South Melbourne Market, Melbourne, Victoria 3205 Australia",137
Radii Restaurant & Bar,384,$$$$,restaurant,4.0,"1 Parliament Pl, Melbourne, Victoria 3002 Australia",211
Riverland,375,$$ - $$$,restaurant,4.0,"Vaults 1-9 Federation Wharf Federation Square, Melbourne, Victoria 3000 Australia",317
Saxe,379,$$ - $$$,restaurant,4.5,"211 Queen St, Melbourne, Victoria 3000 Australia",52
Little Africa,362,$$ - $$$,restaurant,4.5,"358 Victoria St, Melbourne, Victoria 3051 Australia",58
Plus 5,359,$$ - $$$,restaurant,4.0,"37 South Wharf Promenade, Melbourne, Victoria 3008 Australia",233
A25 Pizzeria CBD,363,$$ - $$$,restaurant,4.5,"Taylors College 399 Lonsdale St, Melbourne, Victoria 3000 Australia",77
Hooks At The Yarra,390,$$ - $$$,restaurant,4.5,"Yarra's Edge 50 River Esp Docklands, Melbourne, Victoria 3008 Australia",130
Dish & Spoon,2,$$ - $$$,restaurant,4.5,"122 Highfield Rd, Camberwell, Victoria 3124 Australia",72
Khao San Road,5,$$ - $$$,restaurant,4.5,"696 Mt Alexander Rd, Moonee Ponds, Moonee Valley, Victoria 3039 Australia",114
Garden State Hotel,345,$$ - $$$,restaurant,4.0,"101 Flinders Lane, Melbourne, Victoria 3000 Australia",299
QT Kitchen,1,$$ - $$$,restaurant,4.5,"12 High St, Glen Iris, Stonnington, Victoria 3146 Australia",71
Kri Kri,333,$$ - $$$,restaurant,4.0,"39-41 Little Bourke St, Melbourne, Victoria 3000 Australia",370
Naked in the Sky,20,$$ - $$$,restaurant,4.5,"285 Brunswick St, Fitzroy, Yarra, Victoria 3065 Australia",130
Bahari the Hellenic Palate,9,$$ - $$$,restaurant,4.5,"179 Swan St, Richmond, Yarra, Victoria 3121 Australia",147
Saint & Rogue,330,$$ - $$$,restaurant,4.0,"582 Little Collins St, Melbourne, Victoria 3000 Australia",127
Little Vietnam 504,1,$$ - $$$,restaurant,4.5,"504 Hampton St, Hampton, Bayside, Victoria 3188 Australia",145
Mr. Miyagi,2,$$ - $$$,restaurant,4.0,"99 Chapel St, Windsor, Stonnington, Victoria 3181 Australia",401
The Crafty Squire,299,$$ - $$$,restaurant,4.0,"127 Russell St, Melbourne, Victoria 3000 Australia",363
Abla's,316,$$ - $$$,restaurant,4.0,"109 Elgin St, Melbourne, Victoria 3053 Australia",204
Spring Street Grocer Cafe,305,$$ - $$$,restaurant,4.5,"157 Spring St, Melbourne, Victoria 3000 Australia",96
Franco-Belge,377,$$ - $$$,restaurant,4.5,"9 Evans Place, Hawthorn East, Melbourne, Victoria 3123 Australia",74
Left Bank Melbourne,368,$$ - $$$,restaurant,3.5,"1 Southbank Boulevard, Melbourne, Victoria 3006 Australia",841
French Saloon,370,$$$$,restaurant,4.5,"46 Hardware Lane First Floor, Melbourne, Victoria 3000 Australia",92
The Moat,365,$$ - $$$,restaurant,4.0,"176 Little Lonsdale St, Melbourne, Victoria 3000 Australia",123
The League of Honest Coffee,386,$$ - $$$,restaurant,4.5,"8 Exploration Lane, Melbourne, Victoria 3000 Australia",94
The Louden Kitchen & Grill,387,$$ - $$$,restaurant,4.0,"265 Little Bourke St, Melbourne, Victoria 3000 Australia",157
Hot Poppy,364,$$ - $$$,restaurant,4.5,"9 Errol St, Melbourne, Victoria 3051 Australia",74
The Essence,369,$$ - $$$,restaurant,4.0,"Corner Exhibition & Lonsdale Streets Melbourne Marriott Hotel, Melbourne, Victoria 3000 Australia",240
Bratwurst Shop & Co,388,$,restaurant,4.5,"Therry St. Queen Victoria Market Shop 99-100, Melbourne, Victoria 3000 Australia",73
Rocket Burger & Fries,321,$,restaurant,4.5,"Cnr Flinders & Elizabeth Streets 26 Elizabeth St, Melbourne, Victoria 3000 Australia",131
Chiba Japanese Restaurant,4,$$ - $$$,restaurant,4.5,"41 Hall St, Moonee Ponds, Moonee Valley, Victoria 3039 Australia",185
Dock 37 Bar and Kitchen,337,$$ - $$$,restaurant,4.0,"2 Convention Centre Pl South Wharf, Melbourne, Victoria 3006 Australia",177
Salona Restaurant,351,$$ - $$$,restaurant,4.5,"260A Swan Street, Richmond, Melbourne, Victoria 3121 Australia",126
Shakahari too,355,$$ - $$$,restaurant,4.5,"225 Clarendon St, Melbourne, Victoria 3205 Australia",89
Aix Cafe,358,$,restaurant,4.5,"24 Centre Pl, Melbourne, Victoria 3000 Australia",85
Cochin Wine Bar & Restaurant,10,$$ - $$$,restaurant,4.5,"256 Swan St, Richmond, Yarra, Victoria 3121 Australia",118
Cafe Issus,339,$$ - $$$,restaurant,4.0,"8-10 Centre Pl, Melbourne, Victoria 3000 Australia",264
The Tippler & Co,336,$$ - $$$,restaurant,4.5,"58 Wellington Pde, Melbourne, Victoria 3002 Australia",121
Philhellene,3,$$ - $$$,restaurant,4.0,"551-553 Mount Alexander Rd, Moonee Ponds, Moonee Valley, Victoria 3039 Australia",187
Pretty Boy Italian Steakhouse,348,$$ - $$$,restaurant,4.5,"399 Little Lonsdale Street Level 1, Melbourne, Victoria 3000 Australia",73
Elephant and Wheelbarrow,327,$$ - $$$,restaurant,3.5,"94-96 Bourke St, Melbourne, Victoria 3000 Australia",582
Plain Sailing,1,$$ - $$$,restaurant,4.5,"144 Ormond Rd, Elwood, Port Phillip, Victoria 3184 Australia",85
Little Tommy Tucker Cafe,4,$$ - $$$,restaurant,4.5,"432 Centre Rd, Bentleigh, Glen Eira, Victoria 3204 Australia",153
Lentil As Anything St Kilda,14,$,restaurant,4.5,"41 Blessington St, St Kilda, Port Phillip, Victoria 3182 Australia",219
Yassas - The Greek Way,392,$$ - $$$,restaurant,4.0,"4-9/3 Southgate Ave Southgate Plaza, Melbourne, Victoria 3006 Australia",399
Locanda Restaurant & Public Bar,317,$$ - $$$,restaurant,4.0,"186 Exhibition St, Melbourne, Victoria 3000 Australia",369
Pud Thai vs Pho,347,$,restaurant,4.5,"60 Siddeley St, Melbourne, Victoria 3008 Australia",103
Sake Restaurant & Bar,389,$$ - $$$,restaurant,4.0,"121 Flinders Lane, Melbourne, Victoria 3000 Australia",181
Swaad India's Zest,3,$$ - $$$,restaurant,4.5,"Shop 9 271-275 Centre Rd, Bentleigh, Glen Eira, Victoria 3204 Australia",81
Cafe Keyif,343,$$ - $$$,restaurant,4.5,"U 1 550 Flinders St Entry Through Downie Street, Melbourne, Victoria 3000 Australia",138
Half Moon Cafe,1,$,restaurant,5.0,"13 Victoria St Shop 13, Coburg, Moreland, Victoria 3058 Australia",65
Brighton Soul,5,$,restaurant,4.5,"129 Church Street, Brighton, Bayside, Victoria 3186 Australia",131
Bistro La Provence,6,$$ - $$$,restaurant,4.5,"234 Esplanade, Brighton, Bayside, Victoria 3186 Australia",146
Avatar Indian Cuisine,1,$$ - $$$,restaurant,4.5,"291 Whitehorse Rd Opposite Balwyn Park, Balwyn, Boroondara, Victoria 3103 Australia",88
Paper Plate Restaurant,12,$$ - $$$,restaurant,4.5,"318 Bridge Rd, Richmond, Yarra, Victoria 3121 Australia",65
Jim's Greek Tavern,5,$$ - $$$,restaurant,4.0,"32 Johnston St, Collingwood, Yarra, Victoria 3066 Australia",457
Archie's All Day,18,$$ - $$$,restaurant,4.5,"189 Gertrude St, Fitzroy, Yarra, Victoria 3065 Australia",162
Sapa Hills Restaurant,2,$$ - $$$,restaurant,4.5,"112 Hopkins St, Footscray, Maribyrnong, Victoria 3011 Australia",196
Ginza Teppanyaki,380,$$ - $$$,restaurant,4.0,"139 Little Bourke St, Melbourne, Victoria 3000 Australia",229
American Doughnut Kitchen,374,$,restaurant,4.5,"Queen St, Melbourne, Victoria 3000 Australia",100
Sir Charles,14,$$ - $$$,restaurant,4.5,"121 Johnston St, Fitzroy, Yarra, Victoria 3065 Australia",133
Eliana Lulu,287,$$ - $$$,restaurant,4.0,"7-9 Centre Pl, Melbourne, Victoria 3000 Australia",166
Mediterraneo Charcoal Restaurant,3,$$ - $$$,restaurant,4.5,"116 Bridport St, Albert Park, Port Phillip, Victoria 3206 Australia",171
Dumplings Plus,381,$,restaurant,4.0,"269 Swanston St, Melbourne, Victoria 3000 Australia",264
Curry Vault Indian Restaurant and Bar,334,$$ - $$$,restaurant,4.0,"18-20 Bank Pl, Melbourne, Victoria 3000 Australia",300
The Point Restaurant,4,$$$$,restaurant,4.5,"Aquatic Drive Albert Park Lake, Albert Park, Port Phillip, Victoria 3206 Australia",242
Massi,320,$$ - $$$,restaurant,4.5,"445 Little Collins St, Melbourne, Victoria 3000 Australia",83
Shark Fin Inn,406,$$ - $$$,restaurant,3.5,"50 Little Bourke St, Melbourne, Victoria 3000 Australia",586
The Crane Restaurant,416,$$ - $$$,restaurant,4.0,"212 Little Bourke St, Melbourne, Victoria 3000 Australia",194
Daughter in Law,404,$$ - $$$,restaurant,4.0,"37 Little Bourke St Ground Floor, Melbourne, Victoria 3000 Australia",113
Little Cupcakes,398,$,restaurant,4.5,"Shop 6/181 William St, Goldsborough Lane, Melbourne, Victoria 3000 Australia",127
Hawker Boys,399,$,restaurant,4.5,"85 Hardware Lane, Melbourne, Victoria 3000 Australia",70
Carlton Curry House,400,$$ - $$$,restaurant,4.5,"108 Lygon St, Melbourne, Victoria 3053 Australia",204
Anchovy,11,$$ - $$$,restaurant,4.5,"338 Bridge Rd, Richmond, Yarra, Victoria 3121 Australia",93
Sons of Mary,2,$$ - $$$,restaurant,4.5,"14 Spink St, Brighton, Bayside, Victoria 3186 Australia",233
Atrium Bar On 35,421,$$$$,restaurant,4.5,"25 Collins St, Melbourne, Victoria 3000 Australia",83
Sakura Kaiten,361,$$ - $$$,restaurant,4.5,"60 Little Collins St, Melbourne, Victoria 3000 Australia",132
The Hardware Club,218,$$ - $$$,restaurant,5.0,"43 Hardware Lane, Melbourne, Victoria 3000 Australia",57
Cornish Arms Hotel,4,$$ - $$$,restaurant,4.0,"163A Sydney Rd, Brunswick, Moreland, Victoria 3056 Australia",184
D.O.C,356,$$ - $$$,restaurant,4.0,"326 Lygon St Carlton, Melbourne, Victoria 3053 Australia",262
Cafe Cavallino,410,$$ - $$$,restaurant,4.0,"181-183 Lygon Street, Melbourne, Victoria Australia",260
Jungle Juice Bar,393,$,restaurant,4.5,"20 Centre Pl, Melbourne, Victoria 3000 Australia",78
Three Bags Full Cafe,2,$$ - $$$,restaurant,4.5,"Corner of Nicholson St and Mollison St,, Abbotsford, Yarra, Victoria 3067 Australia",230
Chinta Ria Soul,18,$$ - $$$,restaurant,4.0,"94 Acland St, St Kilda, Port Phillip, Victoria 3182 Australia",247
Atta Restaurant,2,$$ - $$$,restaurant,4.5,"159-161 Victoria Ave Melbourne, Albert Park, Port Phillip, Victoria 3206 Australia",102
Park Street Pasta & Wine,443,$$ - $$$,restaurant,4.5,"268 Park St South Melbourne, Melbourne, Victoria 3205 Australia",91
The Pancake Parlour,411,$$ - $$$,restaurant,4.0,"Centrepoint Arcade, Bourke Street Mall Centrepoint Arcade, Bourke Street Mall, Down the Escalators, Between Sportsgirl and Jetty Surf, Melbourne, Victoria 3000 Australia",323
Bella Cosi,446,$$ - $$$,restaurant,4.5,"71 Beach St, Melbourne, Victoria 3207 Australia",71
At Ease - Easy Thai,437,$,restaurant,4.5,"195 Lonsdale St, Melbourne, Victoria 3000 Australia",75
Lolo and Wren,436,$$ - $$$,restaurant,4.5,"484 Albion St West Brunswick, Melbourne, Victoria Australia",84
Thai city,438,$$ - $$$,restaurant,4.5,"124 Lygon Street Carlton, Melbourne, Victoria 3000 Australia",72
Tokui Sushi,429,$,restaurant,5.0,"260 Lonsdale St, Melbourne, Victoria 3000 Australia",50
